{
    "e": 11.70769393081309,
    "t": 8.871243210775637,
    "a": 7.918373694842466,
    "o": 7.586756367346704,
    "i": 7.072779156631209,
    "n": 6.760240614264212,
    "s": 6.378478336818554,
    "r": 6.01493018031759,
    "h": 4.610028985531798,
    "l": 4.118633352672179,
    "d": 3.645113241918483,
    "c": 3.0497349979259427,
    "u": 2.8657070863253393,
    "m": 2.416607330136565,
    "f": 2.124090923975154,
    "p": 2.0763241906222745,
    "g": 2.044063010412951,
    "y": 1.9227706203293449,
    "w": 1.8106830363341522,
    "b": 1.4880168444340292,
    ".": 1.110731249331412,
    "v": 1.0604088637819993,
    ",": 1.0276069062304347,
    "k": 0.8043300616898551,
    "'": 0.48034023588279684,
    "x": 0.21197000616142891,
    "j": 0.17236196675057483,
    "q": 0.10129566550910743,
    ";": 0.09934944664055673,
    "z": 0.09587005936313059
}